cpu_pct,disk_data_used_pct,disk_root_used_pct,gpu0_mem_total_gib,gpu0_mem_used_gib,gpu0_power_limit_w,gpu0_power_w,gpu0_temp_c,gpu0_util_gpu_pct,gpu0_util_mem_pct,gpu1_mem_total_gib,gpu1_mem_used_gib,gpu1_power_limit_w,gpu1_power_w,gpu1_temp_c,gpu1_util_gpu_pct,gpu1_util_mem_pct,gpu2_mem_total_gib,gpu2_mem_used_gib,gpu2_power_limit_w,gpu2_power_w,gpu2_temp_c,gpu2_util_gpu_pct,gpu2_util_mem_pct,gpu3_mem_total_gib,gpu3_mem_used_gib,gpu3_power_limit_w,gpu3_power_w,gpu3_temp_c,gpu3_util_gpu_pct,gpu3_util_mem_pct,iso,load1,ram_available_gib,ram_total_gib,ram_used_gib,train_pid_alive,ts
11.4,3.09,1.27,95.577,87.407,500.0,440.2,50,100,41,95.577,92.63,500.0,443.4,49,100,41,95.577,92.4,500.0,430.8,48,100,42,95.577,92.4,500.0,434.7,50,100,33,2026-09-11T18:59:17,12.9638671875,1039.38,1239.42,200.03,,1789124357.7095501
11.4,3.09,1.27,95.577,87.407,500.0,441.7,50,100,42,95.577,92.63,500.0,443.3,49,100,42,95.577,92.4,500.0,437.6,48,100,34,95.577,92.4,500.0,441.0,50,100,39,2026-09-11T18:59:27,13.1357421875,1039.36,1239.42,200.06,,1789124367.7096264
11.2,3.09,1.27,95.577,87.407,500.0,447.2,50,100,44,95.577,92.63,500.0,446.9,50,100,44,95.577,92.4,500.0,445.9,48,100,44,95.577,92.4,500.0,450.6,50,100,44,2026-09-11T18:59:37,13.86474609375,1039.32,1239.42,200.1,,1789124377.7097015
11.1,3.09,1.27,95.577,87.407,500.0,440.0,50,100,44,95.577,92.63,500.0,440.8,49,100,44,95.577,92.4,500.0,445.4,48,100,44,95.577,92.4,500.0,449.7,50,100,44,2026-09-11T18:59:47,13.81201171875,1039.3,1239.42,200.12,,1789124387.7097762
11.2,3.09,1.27,95.577,87.407,500.0,453.7,50,100,46,95.577,92.63,500.0,453.7,50,100,45,95.577,92.4,500.0,433.0,48,100,45,95.577,92.4,500.0,440.7,50,100,45,2026-09-11T18:59:57,18.85009765625,1039.28,1239.42,200.13,,1789124397.7098482
11.1,3.09,1.27,95.577,87.407,500.0,459.0,50,100,47,95.577,92.63,500.0,459.3,50,100,47,95.577,92.4,500.0,458.3,48,100,47,95.577,92.4,500.0,466.4,51,100,47,2026-09-11T19:00:07,17.9501953125,1039.26,1239.42,200.15,,1789124407.522442
10.0,3.09,1.27,95.577,87.407,500.0,454.4,50,100,48,95.577,92.63,500.0,453.4,50,100,48,95.577,92.4,500.0,447.1,48,100,47,95.577,92.4,500.0,453.2,50,100,47,2026-09-11T19:00:17,17.1953125,1039.29,1239.42,200.13,,1789124417.522514
10.1,3.09,1.27,95.577,87.407,500.0,454.3,50,100,48,95.577,92.63,500.0,455.1,50,100,48,95.577,92.4,500.0,447.9,48,100,48,95.577,92.4,500.0,455.3,50,100,48,2026-09-11T19:00:27,16.5498046875,1039.28,1239.42,200.13,,1789124427.522588
9.3,3.09,1.27,95.577,87.407,500.0,450.0,50,100,49,95.577,92.63,500.0,450.1,50,100,48,95.577,92.4,500.0,462.8,49,100,50,95.577,92.4,500.0,470.2,51,100,50,2026-09-11T19:00:37,15.9296875,1039.28,1239.42,200.14,,1789124437.5226624
10.0,3.09,1.27,95.577,87.407,500.0,462.2,50,100,51,95.577,92.63,500.0,463.1,50,100,50,95.577,92.4,500.0,462.2,48,100,50,95.577,92.4,500.0,467.0,51,100,50,2026-09-11T19:00:47,15.55908203125,1039.26,1239.42,200.16,,1789124447.5227413
9.7,3.09,1.27,95.577,87.407,500.0,462.3,50,100,50,95.577,92.63,500.0,464.1,50,100,50,95.577,92.4,500.0,471.8,49,100,52,95.577,92.4,500.0,480.1,51,100,52,2026-09-11T19:00:57,14.79052734375,1039.97,1239.42,199.44,,1789124457.5228136
9.5,3.09,1.27,95.577,87.407,500.0,470.6,51,100,52,95.577,92.63,500.0,473.9,50,100,52,95.577,92.4,500.0,461.7,49,100,51,95.577,92.4,500.0,468.6,51,100,50,2026-09-11T19:01:07,14.3544921875,1039.96,1239.42,199.45,,1789124467.5228887
9.9,3.09,1.27,95.577,87.407,500.0,461.2,50,100,50,95.577,92.63,500.0,463.0,50,100,50,95.577,92.4,500.0,453.6,48,100,50,95.577,92.4,500.0,461.0,51,100,50,2026-09-11T19:01:17,13.91162109375,1039.96,1239.42,199.46,,1789124477.5229611
9.6,3.09,1.27,95.577,87.407,500.0,459.1,50,100,49,95.577,92.63,500.0,454.9,50,100,49,95.577,92.4,500.0,446.2,48,100,49,95.577,92.4,500.0,452.9,50,100,50,2026-09-11T19:01:27,13.61083984375,1039.94,1239.42,199.47,,1789124487.5230381
10.8,3.09,1.27,95.577,87.407,500.0,478.3,50,100,54,95.577,92.63,500.0,477.9,50,100,54,95.577,92.4,500.0,468.6,49,100,53,95.577,92.4,500.0,476.9,51,100,53,2026-09-11T19:01:37,13.68359375,1039.92,1239.42,199.5,,1789124497.5231137
11.1,3.09,1.27,95.577,87.407,500.0,343.3,48,100,12,95.577,92.63,500.0,344.3,47,100,12,95.577,92.4,500.0,461.2,49,100,51,95.577,92.4,500.0,471.2,51,100,51,2026-09-11T19:01:47,13.67138671875,1039.12,1239.42,200.3,,1789124507.52319
11.1,3.09,1.27,95.577,87.407,500.0,456.5,49,100,50,95.577,92.63,500.0,460.3,49,100,50,95.577,92.4,500.0,341.3,46,100,12,95.577,92.4,500.0,345.7,49,100,12,2026-09-11T19:01:57,13.654296875,1039.07,1239.42,200.34,,1789124517.5232673
10.7,3.09,1.27,95.577,87.407,500.0,454.3,50,100,50,95.577,92.63,500.0,456.3,49,100,50,95.577,92.402,500.0,451.5,47,100,48,95.577,92.4,500.0,459.9,49,100,48,2026-09-11T19:02:07,13.4794921875,1039.07,1239.42,200.35,,1789124527.5233438
10.9,3.09,1.27,95.577,87.407,500.0,464.6,50,100,52,95.577,92.63,500.0,467.8,50,100,52,95.577,92.402,500.0,464.4,48,100,50,95.577,92.4,500.0,471.8,50,100,50,2026-09-11T19:02:17,13.48583984375,1039.08,1239.42,200.34,,1789124537.523424
11.2,3.09,1.27,95.577,87.407,500.0,464.8,50,100,50,95.577,92.63,500.0,444.4,49,100,50,95.577,92.402,500.0,467.6,48,100,51,95.577,92.4,500.0,475.7,51,100,51,2026-09-11T19:02:27,13.3369140625,1039.05,1239.42,200.36,,1789124547.5234995
10.7,3.09,1.27,95.577,87.407,500.0,469.5,50,100,53,95.577,92.63,500.0,470.1,50,100,53,95.577,92.402,500.0,464.2,48,100,51,95.577,92.4,500.0,469.1,51,100,52,2026-09-11T19:02:37,13.130859375,1039.04,1239.42,200.38,,1789124557.5235748
9.4,3.09,1.27,95.577,87.407,500.0,448.2,49,100,50,95.577,92.63,500.0,447.7,49,100,50,95.577,92.402,500.0,462.6,48,100,52,95.577,92.4,500.0,470.3,51,100,52,2026-09-11T19:02:47,13.0302734375,1039.04,1239.42,200.38,,1789124567.5236464
10.0,3.09,1.27,95.577,87.407,500.0,446.1,49,100,52,95.577,92.63,500.0,446.6,49,100,52,95.577,92.402,500.0,459.9,48,100,52,95.577,92.4,500.0,466.5,51,100,52,2026-09-11T19:02:57,12.9521484375,1039.03,1239.42,200.38,,1789124577.5237176
10.0,3.09,1.27,95.577,87.407,500.0,465.3,50,100,55,95.577,92.63,500.0,470.2,49,100,55,95.577,92.402,500.0,457.0,48,100,54,95.577,92.4,500.0,462.1,50,100,54,2026-09-11T19:03:07,12.80517578125,1039.0,1239.42,200.41,,1789124587.5237954
9.4,3.09,1.27,95.577,87.407,500.0,426.3,48,100,50,95.577,92.63,500.0,427.3,48,100,50,95.577,92.402,500.0,437.5,47,100,52,95.577,92.4,500.0,445.4,50,100,51,2026-09-11T19:03:17,12.52685546875,1039.0,1239.42,200.41,,1789124597.523872
9.9,3.09,1.27,95.577,87.407,500.0,379.2,47,100,42,95.577,92.63,500.0,382.1,46,100,42,95.577,92.402,500.0,471.4,48,100,58,95.577,92.4,500.0,479.7,51,100,58,2026-09-11T19:03:27,12.4453125,1038.98,1239.42,200.44,,1789124607.5239444
9.9,3.09,1.27,95.577,87.407,500.0,401.7,47,100,49,95.577,92.63,500.0,399.9,46,100,48,95.577,92.402,500.0,444.0,48,100,53,95.577,92.4,500.0,448.1,50,100,53,2026-09-11T19:03:37,12.3759765625,1038.97,1239.42,200.45,,1789124617.5240154
9.2,3.09,1.27,95.577,87.407,500.0,121.6,40,0,0,95.577,92.63,500.0,121.4,40,0,0,95.577,92.402,500.0,393.3,46,100,45,95.577,92.4,500.0,402.1,48,100,45,2026-09-11T19:03:47,12.53271484375,1039.1,1239.42,200.31,,1789124627.5240884
7.3,3.09,1.27,95.577,87.407,500.0,118.9,37,0,0,95.577,92.63,500.0,118.7,37,0,0,95.577,92.402,500.0,385.1,45,100,46,95.577,92.4,500.0,392.4,47,100,46,2026-09-11T19:03:57,12.07568359375,1039.1,1239.42,200.31,,1789124637.524163
7.6,3.09,1.27,95.577,87.407,500.0,118.2,36,0,0,95.577,92.63,500.0,118.0,36,0,0,95.577,92.402,500.0,401.8,45,100,59,95.577,92.402,500.0,407.8,47,100,59,2026-09-11T19:04:07,11.5224609375,1039.1,1239.42,200.32,,1789124647.5242362
9.4,3.09,1.27,95.577,87.407,500.0,408.9,45,100,46,95.577,92.63,500.0,408.8,44,100,46,95.577,92.402,500.0,411.2,45,100,47,95.577,92.402,500.0,415.5,48,100,47,2026-09-11T19:04:17,14.5234375,1039.46,1239.42,199.95,,1789124657.5243075
11.1,3.09,1.27,95.577,87.407,500.0,400.1,45,100,52,95.577,92.63,500.0,401.7,45,100,52,95.577,92.402,500.0,384.5,45,100,46,95.577,92.402,500.0,392.4,47,100,46,2026-09-11T19:04:27,14.4560546875,1039.43,1239.42,199.98,,1789124667.5243816
10.8,3.09,1.27,95.577,87.407,500.0,412.2,46,100,59,95.577,92.63,500.0,413.2,45,100,58,95.577,92.402,500.0,383.4,45,100,48,95.577,92.402,500.0,388.0,47,100,49,2026-09-11T19:04:37,14.373046875,1039.46,1239.42,199.96,,1789124677.5244565
10.6,3.09,1.27,95.577,87.407,500.0,206.4,41,0,0,95.577,92.63,500.0,181.4,40,0,0,95.577,92.402,500.0,402.2,44,100,60,95.577,92.402,500.0,406.2,47,100,60,2026-09-11T19:04:47,14.53662109375,1039.47,1239.42,199.94,,1789124687.5245287
7.8,3.09,1.27,95.577,43.995,500.0,332.8,45,99,13,95.577,49.062,500.0,323.3,44,99,13,95.577,49.14,500.0,321.9,44,99,13,95.577,49.12,500.0,327.4,47,99,13,2026-09-11T19:04:57,13.75830078125,1039.42,1239.42,200.0,,1789124697.5246072
6.1,3.09,1.27,95.577,46.476,500.0,239.6,42,0,0,95.577,51.601,500.0,239.4,43,99,14,95.577,51.62,500.0,238.6,42,98,14,95.577,51.601,500.0,244.4,45,67,10,2026-09-11T19:05:07,12.72509765625,1039.41,1239.42,200.01,,1789124707.5246866
6.5,3.09,1.27,95.577,66.046,500.0,328.8,46,98,14,95.577,71.327,500.0,330.0,44,99,11,95.577,71.23,500.0,324.8,43,99,12,95.577,71.191,500.0,328.9,46,99,11,2026-09-11T19:05:17,11.9921875,1039.4,1239.42,200.02,,1789124717.5247617
6.1,3.09,1.27,95.577,67.22,500.0,328.1,45,99,12,95.577,72.48,500.0,331.1,44,99,12,95.577,72.384,500.0,322.6,44,99,13,95.577,72.343,500.0,326.8,46,99,12,2026-09-11T19:05:27,11.2978515625,1039.39,1239.42,200.02,,1789124727.5248406
6.4,3.09,1.27,95.577,67.279,500.0,324.8,45,100,15,95.577,72.48,500.0,326.5,44,100,12,95.577,72.423,500.0,319.9,44,99,22,95.577,72.421,500.0,328.9,46,100,9,2026-09-11T19:05:37,10.63671875,1039.4,1239.42,200.02,,1789124737.524916
8.5,3.09,1.27,95.577,86.792,500.0,412.7,46,100,42,95.577,92.015,500.0,410.5,45,100,42,95.577,91.972,500.0,405.5,44,100,42,95.577,91.972,500.0,414.7,47,100,42,2026-09-11T19:05:47,10.47802734375,1039.57,1239.42,199.84,,1789124747.5249896
9.6,3.09,1.27,95.577,86.792,500.0,393.1,46,100,46,95.577,92.015,500.0,392.8,45,100,47,95.577,91.972,500.0,425.1,45,100,51,95.577,91.972,500.0,426.2,47,100,52,2026-09-11T19:05:57,10.64453125,1039.56,1239.42,199.85,,1789124757.5250666
9.9,3.09,1.27,95.577,86.794,500.0,396.2,45,100,59,95.577,92.017,500.0,396.9,44,100,59,95.577,91.972,500.0,397.9,44,100,54,95.577,91.972,500.0,393.0,46,100,54,2026-09-11T19:06:07,10.69287109375,1039.58,1239.42,199.84,,1789124767.5251517
8.5,3.09,1.27,95.577,86.794,500.0,119.7,38,0,0,95.577,92.017,500.0,119.7,38,0,0,95.577,91.974,500.0,121.4,38,0,0,95.577,91.974,500.0,124.1,41,0,0,2026-09-11T19:06:17,10.57373046875,1040.34,1239.42,199.07,,1789124777.5252252
8.1,3.09,1.27,95.577,46.28,500.0,286.8,44,99,13,95.577,51.503,500.0,292.4,44,99,13,95.577,51.445,500.0,297.1,43,99,13,95.577,51.445,500.0,293.4,46,99,12,2026-09-11T19:06:27,10.2509765625,1040.23,1239.42,199.18,,1789124787.525302
7.7,3.09,1.27,95.577,49.112,500.0,332.9,45,99,13,95.577,51.503,500.0,334.8,44,99,13,95.577,51.445,500.0,331.1,43,100,9,95.577,51.445,500.0,331.2,46,100,7,2026-09-11T19:06:37,10.1318359375,1040.23,1239.42,199.19,,1789124797.5253758
7.3,3.09,1.27,95.577,65.421,500.0,323.3,45,100,5,95.577,66.445,500.0,327.2,44,100,8,95.577,66.386,500.0,328.7,43,91,10,95.577,66.386,500.0,326.8,46,91,11,2026-09-11T19:06:47,9.8037109375,1040.19,1239.42,199.22,,1789124807.5254278
7.5,3.09,1.27,95.577,65.421,500.0,328.6,46,99,12,95.577,66.445,500.0,328.9,45,99,11,95.577,66.386,500.0,330.9,44,98,13,95.577,66.386,500.0,339.3,46,99,13,2026-09-11T19:06:57,9.60595703125,1040.19,1239.42,199.22,,1789124817.5255015
7.6,3.09,1.27,95.577,31.003,500.0,123.8,39,0,0,95.577,40.864,500.0,122.4,39,0,0,95.577,38.038,500.0,124.2,38,0,0,95.577,42.724,500.0,125.2,40,0,0,2026-09-11T19:07:07,9.3583984375,1039.56,1239.42,199.85,,1789124827.5255737
10.8,3.09,1.27,95.577,86.827,500.0,422.0,46,100,45,95.577,92.05,500.0,421.2,45,100,45,95.577,92.152,500.0,416.6,45,100,46,95.577,92.152,500.0,420.2,47,100,46,2026-09-11T19:07:17,10.29345703125,1039.54,1239.42,199.88,,1789124837.5256472
10.1,3.09,1.27,95.577,86.827,500.0,408.3,46,100,53,95.577,92.05,500.0,409.8,45,100,53,95.577,92.152,500.0,409.5,45,100,50,95.577,92.152,500.0,413.4,47,100,50,2026-09-11T19:07:27,10.6298828125,1039.54,1239.42,199.88,,1789124847.5257218
9.8,3.09,1.27,95.577,86.827,500.0,379.0,46,100,52,95.577,92.05,500.0,377.5,45,100,52,95.577,92.152,500.0,387.2,44,100,52,95.577,92.152,500.0,389.8,47,100,52,2026-09-11T19:07:37,11.14208984375,1039.55,1239.42,199.86,,1789124857.525793
9.2,3.09,1.27,95.577,86.829,500.0,396.2,45,100,60,95.577,92.052,500.0,397.5,45,100,60,95.577,92.152,500.0,374.5,44,100,50,95.577,92.152,500.0,381.0,46,100,50,2026-09-11T19:07:47,11.34130859375,1039.58,1239.42,199.83,,1789124867.525869
7.7,3.09,1.27,95.577,86.829,500.0,119.3,38,0,0,95.577,92.052,500.0,119.1,38,0,0,95.577,92.154,500.0,401.8,44,100,59,95.577,92.154,500.0,405.9,47,100,59,2026-09-11T19:07:57,11.12255859375,1040.32,1239.42,199.1,,1789124877.5259404
6.7,3.09,1.27,95.577,41.554,500.0,329.7,44,99,14,95.577,46.972,500.0,331.5,43,99,13,95.577,46.952,500.0,330.9,45,99,12,95.577,46.757,500.0,333.5,47,99,14,2026-09-11T19:08:07,10.79541015625,1040.26,1239.42,199.15,,1789124887.5260205
6.7,3.09,1.27,95.577,44.23,500.0,332.1,45,99,13,95.577,49.452,500.0,331.1,44,99,13,95.577,49.472,500.0,330.0,44,98,13,95.577,49.452,500.0,333.6,46,99,13,2026-09-11T19:08:17,10.2177734375,1040.24,1239.42,199.17,,1789124897.5260947
6.7,3.09,1.27,95.577,52.55,500.0,335.2,45,100,12,95.577,52.929,500.0,330.6,44,100,12,95.577,53.066,500.0,330.3,44,100,20,95.577,53.124,500.0,334.6,46,99,22,2026-09-11T19:08:27,9.95654296875,1040.27,1239.42,199.14,,1789124907.5261743
6.2,3.09,1.27,95.577,68.06,500.0,326.2,45,100,9,95.577,73.634,500.0,325.8,44,100,9,95.577,72.833,500.0,322.9,44,100,12,95.577,73.341,500.0,331.2,47,100,12,2026-09-11T19:08:37,9.81591796875,1040.22,1239.42,199.2,,1789124917.526248
7.7,3.09,1.27,95.577,68.06,500.0,324.1,45,99,13,95.577,73.634,500.0,325.2,45,99,11,95.577,72.833,500.0,322.7,43,99,12,95.577,73.341,500.0,329.5,46,99,12,2026-09-11T19:08:47,9.9248046875,1040.23,1239.42,199.19,,1789124927.526319
7.7,3.09,1.27,95.577,68.06,500.0,322.9,45,100,9,95.577,73.634,500.0,324.9,44,98,20,95.577,73.634,500.0,322.2,43,99,21,95.577,73.341,500.0,323.5,46,99,19,2026-09-11T19:08:57,9.62841796875,1040.22,1239.42,199.19,,1789124937.5263965
9.7,3.09,1.27,95.577,86.751,500.0,414.0,46,100,42,95.577,91.974,500.0,416.8,45,100,42,95.577,91.976,500.0,415.3,44,100,43,95.577,91.976,500.0,417.3,47,100,43,2026-09-11T19:09:07,10.00634765625,1040.28,1239.42,199.13,,1789124947.5264683
